{
  "cycle_number": 3,
  "timestamp": "2025-06-22T02:54:12.541699",
  "phase": "integration",
  "hemispheres_used": [
    "left",
    "right"
  ],
  "outputs": {
    "left": {
      "hemisphere_type": "left",
      "name": "Left Hemisphere",
      "output": {
        "logical_analysis": "Analisi logica di Teoria del tutto in fisica al ciclo 3",
        "pattern_recognition": "Pattern identificati in Teoria del tutto in fisica",
        "sequential_reasoning": "Ragionamento sequenziale per Teoria del tutto in fisica",
        "factual_knowledge": "Conoscenze fattuali su Teoria del tutto in fisica",
        "confidence_factors": [
          "coerenza_logica",
          "completezza_analisi",
          "precisione_metodologica"
        ]
      },
      "confidence": 0.72,
      "specialization_level": 0.30000000000000004,
      "cycle_count": 3
    },
    "right": {
      "hemisphere_type": "right",
      "name": "Right Hemisphere",
      "output": {
        "intuitive_insights": "Insight intuitivi su Teoria del tutto in fisica al ciclo 3",
        "creative_connections": "Connessioni creative con Teoria del tutto in fisica",
        "holistic_understanding": "Comprensione olistica di Teoria del tutto in fisica",
        "emotional_resonance": "Risonanza emotiva con Teoria del tutto in fisica",
        "confidence_factors": [
          "intuizione_profonda",
          "connessioni_creative",
          "visione_olistica"
        ]
      },
      "confidence": 0.72,
      "specialization_level": 0.30000000000000004,
      "cycle_count": 3
    }
  },
  "integration_result": {
    "integrated_insights": [
      {
        "hemisphere": "left",
        "type": "left",
        "insights": {
          "logical_analysis": "Analisi logica di Teoria del tutto in fisica al ciclo 3",
          "pattern_recognition": "Pattern identificati in Teoria del tutto in fisica",
          "sequential_reasoning": "Ragionamento sequenziale per Teoria del tutto in fisica",
          "factual_knowledge": "Conoscenze fattuali su Teoria del tutto in fisica",
          "confidence_factors": [
            "coerenza_logica",
            "completezza_analisi",
            "precisione_metodologica"
          ]
        },
        "confidence": 0.72
      },
      {
        "hemisphere": "right",
        "type": "right",
        "insights": {
          "intuitive_insights": "Insight intuitivi su Teoria del tutto in fisica al ciclo 3",
          "creative_connections": "Connessioni creative con Teoria del tutto in fisica",
          "holistic_understanding": "Comprensione olistica di Teoria del tutto in fisica",
          "emotional_resonance": "Risonanza emotiva con Teoria del tutto in fisica",
          "confidence_factors": [
            "intuizione_profonda",
            "connessioni_creative",
            "visione_olistica"
          ]
        },
        "confidence": 0.72
      }
    ],
    "average_confidence": 0.72,
    "synergy_score": 0.504,
    "integrated_synthesis": "\n        SINTESI INTEGRATA - CICLO 3\n        ============================================\n        \n        Emisferi Attivi: 2\n        Progresso Teoria: 0.609\n        \n        CONTRIBUTI PER EMISFERO:\n        \n            LEFT (left):\n            - Confidenza: 0.720\n            - Contributi: 5 insights\n            - Specializzazione: 0.000\n            \n            RIGHT (right):\n            - Confidenza: 0.720\n            - Contributi: 5 insights\n            - Specializzazione: 0.000\n            \n        \n        SINERGIA TOTALE: 0.504\n        ",
    "hemisphere_count": 2,
    "integration_quality": {
      "overall_quality": 0.6629999999999999,
      "coherence": 1.0,
      "completeness": 0.25,
      "average_confidence": 0.72
    }
  },
  "confidence_score": 0.72,
  "convergence_score": 0.5740000000000001,
  "theory_progress": 0.6380999999999999,
  "new_hemispheres_added": [],
  "meta_ignorance_analysis": {
    "meta_ignorance_level": 0.28,
    "awareness_level": 0.06,
    "learning_desire": 0.5,
    "critical_gaps": [
      "Rigore matematico insufficiente",
      "Validazione sperimentale mancante",
      "Formalizzazione teorica incompleta",
      "Peer review e validazione critica"
    ],
    "next_learning_priorities": [
      "Risolvere: Rigore matematico insufficiente",
      "Risolvere: Validazione sperimentale mancante",
      "Risolvere: Formalizzazione teorica incompleta",
      "Risolvere: Peer review e validazione critica",
      "Raffinare formalizzazione matematica"
    ]
  }
}