{
  "cycle_number": 8,
  "timestamp": "2025-06-22T02:54:13.123594",
  "phase": "integration",
  "hemispheres_used": [
    "left",
    "right",
    "mathematical_1"
  ],
  "outputs": {
    "left": {
      "hemisphere_type": "left",
      "name": "Left Hemisphere",
      "output": {
        "logical_analysis": "Analisi logica di Teoria del tutto in fisica al ciclo 8",
        "pattern_recognition": "Pattern identificati in Teoria del tutto in fisica",
        "sequential_reasoning": "Ragionamento sequenziale per Teoria del tutto in fisica",
        "factual_knowledge": "Conoscenze fattuali su Teoria del tutto in fisica",
        "confidence_factors": [
          "coerenza_logica",
          "completezza_analisi",
          "precisione_metodologica"
        ]
      },
      "confidence": 0.9199999999999999,
      "specialization_level": 0.8,
      "cycle_count": 8
    },
    "right": {
      "hemisphere_type": "right",
      "name": "Right Hemisphere",
      "output": {
        "intuitive_insights": "Insight intuitivi su Teoria del tutto in fisica al ciclo 8",
        "creative_connections": "Connessioni creative con Teoria del tutto in fisica",
        "holistic_understanding": "Comprensione olistica di Teoria del tutto in fisica",
        "emotional_resonance": "Risonanza emotiva con Teoria del tutto in fisica",
        "confidence_factors": [
          "intuizione_profonda",
          "connessioni_creative",
          "visione_olistica"
        ]
      },
      "confidence": 0.9199999999999999,
      "specialization_level": 0.8,
      "cycle_count": 8
    },
    "mathematical_1": {
      "hemisphere_type": "mathematical",
      "name": "mathematical_1",
      "output": {
        "mathematical_structures": "Strutture matematiche per Teoria del tutto in fisica",
        "formal_proofs": "Dimostrazioni formali per Teoria del tutto in fisica",
        "theoretical_frameworks": "Framework teorici per Teoria del tutto in fisica",
        "mathematical_insights": "Insight matematici su Teoria del tutto in fisica",
        "equations": "Equazioni per Teoria del tutto in fisica",
        "confidence_factors": [
          "rigore_matematico",
          "completezza_formale",
          "coerenza_teorica"
        ]
      },
      "confidence": 0.7999999999999999,
      "specialization_level": 0.4,
      "cycle_count": 4
    }
  },
  "integration_result": {
    "integrated_insights": [
      {
        "hemisphere": "left",
        "type": "left",
        "insights": {
          "logical_analysis": "Analisi logica di Teoria del tutto in fisica al ciclo 8",
          "pattern_recognition": "Pattern identificati in Teoria del tutto in fisica",
          "sequential_reasoning": "Ragionamento sequenziale per Teoria del tutto in fisica",
          "factual_knowledge": "Conoscenze fattuali su Teoria del tutto in fisica",
          "confidence_factors": [
            "coerenza_logica",
            "completezza_analisi",
            "precisione_metodologica"
          ]
        },
        "confidence": 0.9199999999999999
      },
      {
        "hemisphere": "right",
        "type": "right",
        "insights": {
          "intuitive_insights": "Insight intuitivi su Teoria del tutto in fisica al ciclo 8",
          "creative_connections": "Connessioni creative con Teoria del tutto in fisica",
          "holistic_understanding": "Comprensione olistica di Teoria del tutto in fisica",
          "emotional_resonance": "Risonanza emotiva con Teoria del tutto in fisica",
          "confidence_factors": [
            "intuizione_profonda",
            "connessioni_creative",
            "visione_olistica"
          ]
        },
        "confidence": 0.9199999999999999
      },
      {
        "hemisphere": "mathematical_1",
        "type": "mathematical",
        "insights": {
          "mathematical_structures": "Strutture matematiche per Teoria del tutto in fisica",
          "formal_proofs": "Dimostrazioni formali per Teoria del tutto in fisica",
          "theoretical_frameworks": "Framework teorici per Teoria del tutto in fisica",
          "mathematical_insights": "Insight matematici su Teoria del tutto in fisica",
          "equations": "Equazioni per Teoria del tutto in fisica",
          "confidence_factors": [
            "rigore_matematico",
            "completezza_formale",
            "coerenza_teorica"
          ]
        },
        "confidence": 0.7999999999999999
      }
    ],
    "average_confidence": 0.8799999999999999,
    "synergy_score": 0.6223999999999998,
    "integrated_synthesis": "\n        SINTESI INTEGRATA - CICLO 8\n        ============================================\n        \n        Emisferi Attivi: 3\n        Progresso Teoria: 0.788\n        \n        CONTRIBUTI PER EMISFERO:\n        \n            LEFT (left):\n            - Confidenza: 0.920\n            - Contributi: 5 insights\n            - Specializzazione: 0.000\n            \n            RIGHT (right):\n            - Confidenza: 0.920\n            - Contributi: 5 insights\n            - Specializzazione: 0.000\n            \n            MATHEMATICAL_1 (mathematical):\n            - Confidenza: 0.800\n            - Contributi: 6 insights\n            - Specializzazione: 0.000\n            \n        \n        SINERGIA TOTALE: 0.622\n        ",
    "hemisphere_count": 3,
    "integration_quality": {
      "overall_quality": 0.76258,
      "coherence": 0.9936,
      "completeness": 0.375,
      "average_confidence": 0.8799999999999999
    }
  },
  "confidence_score": 0.8799999999999999,
  "convergence_score": 0.7623999999999997,
  "theory_progress": 0.8174939999999999,
  "new_hemispheres_added": [],
  "meta_ignorance_analysis": {
    "meta_ignorance_level": 0.1200000000000001,
    "awareness_level": 0.16,
    "learning_desire": 0.5,
    "critical_gaps": [
      "Validazione sperimentale mancante",
      "Formalizzazione teorica incompleta",
      "Peer review e validazione critica"
    ],
    "next_learning_priorities": [
      "Risolvere: Validazione sperimentale mancante",
      "Risolvere: Formalizzazione teorica incompleta",
      "Risolvere: Peer review e validazione critica",
      "Raffinare formalizzazione matematica"
    ]
  }
}