{
  "cycle_number": 10,
  "timestamp": "2025-06-22T02:54:13.356814",
  "phase": "integration",
  "hemispheres_used": [
    "left",
    "right",
    "mathematical_1",
    "experimental_1"
  ],
  "outputs": {
    "left": {
      "hemisphere_type": "left",
      "name": "Left Hemisphere",
      "output": {
        "logical_analysis": "Analisi logica di Teoria del tutto in fisica al ciclo 10",
        "pattern_recognition": "Pattern identificati in Teoria del tutto in fisica",
        "sequential_reasoning": "Ragionamento sequenziale per Teoria del tutto in fisica",
        "factual_knowledge": "Conoscenze fattuali su Teoria del tutto in fisica",
        "confidence_factors": [
          "coerenza_logica",
          "completezza_analisi",
          "precisione_metodologica"
        ]
      },
      "confidence": 1.0,
      "specialization_level": 1.0,
      "cycle_count": 10
    },
    "right": {
      "hemisphere_type": "right",
      "name": "Right Hemisphere",
      "output": {
        "intuitive_insights": "Insight intuitivi su Teoria del tutto in fisica al ciclo 10",
        "creative_connections": "Connessioni creative con Teoria del tutto in fisica",
        "holistic_understanding": "Comprensione olistica di Teoria del tutto in fisica",
        "emotional_resonance": "Risonanza emotiva con Teoria del tutto in fisica",
        "confidence_factors": [
          "intuizione_profonda",
          "connessioni_creative",
          "visione_olistica"
        ]
      },
      "confidence": 1.0,
      "specialization_level": 1.0,
      "cycle_count": 10
    },
    "mathematical_1": {
      "hemisphere_type": "mathematical",
      "name": "mathematical_1",
      "output": {
        "mathematical_structures": "Strutture matematiche per Teoria del tutto in fisica",
        "formal_proofs": "Dimostrazioni formali per Teoria del tutto in fisica",
        "theoretical_frameworks": "Framework teorici per Teoria del tutto in fisica",
        "mathematical_insights": "Insight matematici su Teoria del tutto in fisica",
        "equations": "Equazioni per Teoria del tutto in fisica",
        "confidence_factors": [
          "rigore_matematico",
          "completezza_formale",
          "coerenza_teorica"
        ]
      },
      "confidence": 0.88,
      "specialization_level": 0.6000000000000001,
      "cycle_count": 6
    },
    "experimental_1": {
      "hemisphere_type": "experimental",
      "name": "experimental_1",
      "output": {
        "experiment_design": "Design sperimentale per Teoria del tutto in fisica",
        "data_analysis": "Analisi dati per Teoria del tutto in fisica",
        "empirical_verification": "Verifica empirica di Teoria del tutto in fisica",
        "testable_predictions": "Predizioni testabili per Teoria del tutto in fisica",
        "experimental_insights": "Insight sperimentali su Teoria del tutto in fisica",
        "confidence_factors": [
          "rigore_sperimentale",
          "validità_empirica",
          "riproducibilità"
        ]
      },
      "confidence": 0.73,
      "specialization_level": 0.1,
      "cycle_count": 1
    }
  },
  "integration_result": {
    "integrated_insights": [
      {
        "hemisphere": "left",
        "type": "left",
        "insights": {
          "logical_analysis": "Analisi logica di Teoria del tutto in fisica al ciclo 10",
          "pattern_recognition": "Pattern identificati in Teoria del tutto in fisica",
          "sequential_reasoning": "Ragionamento sequenziale per Teoria del tutto in fisica",
          "factual_knowledge": "Conoscenze fattuali su Teoria del tutto in fisica",
          "confidence_factors": [
            "coerenza_logica",
            "completezza_analisi",
            "precisione_metodologica"
          ]
        },
        "confidence": 1.0
      },
      {
        "hemisphere": "right",
        "type": "right",
        "insights": {
          "intuitive_insights": "Insight intuitivi su Teoria del tutto in fisica al ciclo 10",
          "creative_connections": "Connessioni creative con Teoria del tutto in fisica",
          "holistic_understanding": "Comprensione olistica di Teoria del tutto in fisica",
          "emotional_resonance": "Risonanza emotiva con Teoria del tutto in fisica",
          "confidence_factors": [
            "intuizione_profonda",
            "connessioni_creative",
            "visione_olistica"
          ]
        },
        "confidence": 1.0
      },
      {
        "hemisphere": "mathematical_1",
        "type": "mathematical",
        "insights": {
          "mathematical_structures": "Strutture matematiche per Teoria del tutto in fisica",
          "formal_proofs": "Dimostrazioni formali per Teoria del tutto in fisica",
          "theoretical_frameworks": "Framework teorici per Teoria del tutto in fisica",
          "mathematical_insights": "Insight matematici su Teoria del tutto in fisica",
          "equations": "Equazioni per Teoria del tutto in fisica",
          "confidence_factors": [
            "rigore_matematico",
            "completezza_formale",
            "coerenza_teorica"
          ]
        },
        "confidence": 0.88
      },
      {
        "hemisphere": "experimental_1",
        "type": "experimental",
        "insights": {
          "experiment_design": "Design sperimentale per Teoria del tutto in fisica",
          "data_analysis": "Analisi dati per Teoria del tutto in fisica",
          "empirical_verification": "Verifica empirica di Teoria del tutto in fisica",
          "testable_predictions": "Predizioni testabili per Teoria del tutto in fisica",
          "experimental_insights": "Insight sperimentali su Teoria del tutto in fisica",
          "confidence_factors": [
            "rigore_sperimentale",
            "validità_empirica",
            "riproducibilità"
          ]
        },
        "confidence": 0.73
      }
    ],
    "average_confidence": 0.9025,
    "synergy_score": 0.6563874999999999,
    "integrated_synthesis": "\n        SINTESI INTEGRATA - CICLO 10\n        ============================================\n        \n        Emisferi Attivi: 4\n        Progresso Teoria: 0.847\n        \n        CONTRIBUTI PER EMISFERO:\n        \n            LEFT (left):\n            - Confidenza: 1.000\n            - Contributi: 5 insights\n            - Specializzazione: 0.000\n            \n            RIGHT (right):\n            - Confidenza: 1.000\n            - Contributi: 5 insights\n            - Specializzazione: 0.000\n            \n            MATHEMATICAL_1 (mathematical):\n            - Confidenza: 0.880\n            - Contributi: 6 insights\n            - Specializzazione: 0.000\n            \n            EXPERIMENTAL_1 (experimental):\n            - Confidenza: 0.730\n            - Contributi: 6 insights\n            - Specializzazione: 0.000\n            \n        \n        SINERGIA TOTALE: 0.656\n        ",
    "hemisphere_count": 4,
    "integration_quality": {
      "overall_quality": 0.80360875,
      "coherence": 0.9753625,
      "completeness": 0.5,
      "average_confidence": 0.9025
    }
  },
  "confidence_score": 0.9025,
  "convergence_score": 0.8363874999999998,
  "theory_progress": 0.8489988749999999,
  "new_hemispheres_added": [
    "experimental_1"
  ],
  "meta_ignorance_analysis": {
    "meta_ignorance_level": 0.1,
    "awareness_level": 0.2,
    "learning_desire": 0.5,
    "critical_gaps": [
      "Formalizzazione teorica incompleta",
      "Peer review e validazione critica"
    ],
    "next_learning_priorities": [
      "Risolvere: Formalizzazione teorica incompleta",
      "Risolvere: Peer review e validazione critica",
      "Preparare per pubblicazione"
    ]
  }
}