{
  "timestamp": "2025-06-22T02:44:44.235853",
  "summary": {
    "status": "success",
    "total_cycles": 75,
    "latest_cycle": 14,
    "latest_progress": 0.842605875,
    "latest_confidence": 0.9675,
    "latest_convergence": 0.9035875,
    "average_metrics": {
      "confidence": 0.1549888888888889,
      "convergence": 0.13561812962962963,
      "progress": 0.13674032944444445
    },
    "hemisphere_stats": {
      "left": {
        "total_cycles": 14,
        "avg_confidence": 0.8302976190476191
      },
      "right": {
        "total_cycles": 14,
        "avg_confidence": 0.8302976190476191
      },
      "molecular_1_1": {
        "total_cycles": 10,
        "avg_confidence": 0.8824166666666666
      },
      "immunology_1_1": {
        "total_cycles": 5,
        "avg_confidence": 0.9315
      }
    },
    "total_insights": 157,
    "meta_ignorance_trend": [
      {
        "cycle": 1,
        "level": 0.36,
        "awareness": 0.02
      },
      {
        "cycle": 2,
        "level": 0.31999999999999995,
        "awareness": 0.04
      },
      {
        "cycle": 3,
        "level": 0.28,
        "awareness": 0.06
      },
      {
        "cycle": 4,
        "level": 0.24,
        "awareness": 0.08
      },
      {
        "cycle": 5,
        "level": 0.2466666666666666,
        "awareness": 0.1
      },
      {
        "cycle": 6,
        "level": 0.20666666666666667,
        "awareness": 0.12
      },
      {
        "cycle": 7,
        "level": 0.16666666666666663,
        "awareness": 0.14
      },
      {
        "cycle": 8,
        "level": 0.12666666666666682,
        "awareness": 0.16
      },
      {
        "cycle": 9,
        "level": 0.1,
        "awareness": 0.18
      },
      {
        "cycle": 10,
        "level": 0.10750000000000004,
        "awareness": 0.2
      },
      {
        "cycle": 11,
        "level": 0.1,
        "awareness": 0.22
      },
      {
        "cycle": 12,
        "level": 0.1,
        "awareness": 0.24
      },
      {
        "cycle": 13,
        "level": 0.1,
        "awareness": 0.26
      },
      {
        "cycle": 14,
        "level": 0.1,
        "awareness": 0.28
      }
    ],
    "knowledge_files": {
      "theories": 7,
      "reports": 3,
      "analyses": 2,
      "reflections": 2,
      "database_records": 0
    }
  },
  "continuation_context": {
    "should_continue": true,
    "message": "Sistema ben sviluppato (Ciclo 14, Progresso 84.3%). Continuare sviluppo.",
    "starting_point": "continuation",
    "recommended_action": "continue_development"
  },
  "loaded_files_count": {
    "cycles": 75,
    "theories": 7,
    "reports": 3,
    "analyses": 2,
    "reflections": 2,
    "database_records": 0
  }
}