{
  "session_id": "20250622_030051",
  "topics_taught": [
    {
      "topic": "Teoria delle Stringhe e M-teoria",
      "timestamp": "2025-06-22T03:00:51.932337",
      "lesson_content": {
        "title": "Teoria delle Stringhe e M-teoria",
        "overview": "Approfondimento su Teoria delle Stringhe e M-teoria",
        "key_concepts": [
          "Vibrazioni delle stringhe",
          "Dimensione di stringa",
          "Simmetrie di gauge",
          "Supersimmetria"
        ],
        "mathematical_framework": "Algebra di Virasoro, Teoria dei Campi Conformi",
        "experimental_evidence": "",
        "theoretical_implications": "",
        "practical_applications": []
      },
      "understanding_level": 0.9328629932906021,
      "confidence_gain": 0.24367788087415812,
      "insights_generated": [
        "Nuova comprensione di Teoria delle Stringhe e M-teoria attraverso il framework multi-emisfero",
        "Connessioni inaspettate tra Teoria delle Stringhe e M-teoria e la teoria del tutto",
        "Implicazioni di Teoria delle Stringhe e M-teoria per l'AGI avanzato",
        "Nuove direzioni di ricerca in Teoria delle Stringhe e M-teoria"
      ],
      "connections_made": [
        "Teoria delle Stringhe e M-teoria si integra con la teoria unificata",
        "Teoria delle Stringhe e M-teoria utilizza strutture matematiche avanzate"
      ],
      "questions_raised": [
        "Come si integra Teoria delle Stringhe e M-teoria con la teoria del tutto?",
        "Quali sono le implicazioni di Teoria delle Stringhe e M-teoria per la coscienza?",
        "Come può Teoria delle Stringhe e M-teoria essere verificato sperimentalmente?",
        "Quali nuove tecnologie emergono da Teoria delle Stringhe e M-teoria?",
        "Come si connette Teoria delle Stringhe e M-teoria con altri domini della fisica?"
      ]
    },
    {
      "topic": "Loop Quantum Gravity",
      "timestamp": "2025-06-22T03:00:51.941346",
      "lesson_content": {
        "title": "Loop Quantum Gravity",
        "overview": "Approfondimento su Loop Quantum Gravity",
        "key_concepts": [
          "Superposizione quantistica",
          "Entanglement",
          "Collasso della funzione d'onda",
          "Non-località"
        ],
        "mathematical_framework": "Spazi di Hilbert, Operatori quantistici",
        "experimental_evidence": "",
        "theoretical_implications": "",
        "practical_applications": []
      },
      "understanding_level": 0.9255256664103584,
      "confidence_gain": 0.19627750320759274,
      "insights_generated": [
        "Nuova comprensione di Loop Quantum Gravity attraverso il framework multi-emisfero",
        "Connessioni inaspettate tra Loop Quantum Gravity e la teoria del tutto",
        "Implicazioni di Loop Quantum Gravity per l'AGI avanzato",
        "Nuove direzioni di ricerca in Loop Quantum Gravity"
      ],
      "connections_made": [
        "Loop Quantum Gravity si integra con la teoria unificata",
        "Loop Quantum Gravity utilizza strutture matematiche avanzate"
      ],
      "questions_raised": [
        "Come si integra Loop Quantum Gravity con la teoria del tutto?",
        "Quali sono le implicazioni di Loop Quantum Gravity per la coscienza?",
        "Come può Loop Quantum Gravity essere verificato sperimentalmente?",
        "Quali nuove tecnologie emergono da Loop Quantum Gravity?",
        "Come si connette Loop Quantum Gravity con altri domini della fisica?"
      ]
    },
    {
      "topic": "Teoria dei Twistor",
      "timestamp": "2025-06-22T03:00:51.945304",
      "lesson_content": {
        "title": "Teoria dei Twistor",
        "overview": "Approfondimento su Teoria dei Twistor",
        "key_concepts": [],
        "mathematical_framework": "",
        "experimental_evidence": "",
        "theoretical_implications": "",
        "practical_applications": []
      },
      "understanding_level": 0.855883941116409,
      "confidence_gain": 0.1081892202270146,
      "insights_generated": [
        "Nuova comprensione di Teoria dei Twistor attraverso il framework multi-emisfero",
        "Connessioni inaspettate tra Teoria dei Twistor e la teoria del tutto",
        "Implicazioni di Teoria dei Twistor per l'AGI avanzato",
        "Nuove direzioni di ricerca in Teoria dei Twistor"
      ],
      "connections_made": [
        "Teoria dei Twistor si integra con la teoria unificata",
        "Teoria dei Twistor utilizza strutture matematiche avanzate"
      ],
      "questions_raised": [
        "Come si integra Teoria dei Twistor con la teoria del tutto?",
        "Quali sono le implicazioni di Teoria dei Twistor per la coscienza?",
        "Come può Teoria dei Twistor essere verificato sperimentalmente?",
        "Quali nuove tecnologie emergono da Teoria dei Twistor?",
        "Come si connette Teoria dei Twistor con altri domini della fisica?"
      ]
    },
    {
      "topic": "Topologia Algebrica",
      "timestamp": "2025-06-22T03:00:51.947581",
      "lesson_content": {
        "title": "Topologia Algebrica",
        "overview": "Approfondimento su Topologia Algebrica",
        "key_concepts": [],
        "mathematical_framework": "",
        "experimental_evidence": "",
        "theoretical_implications": "",
        "practical_applications": []
      },
      "understanding_level": 0.9230945837729954,
      "confidence_gain": 0.1313103009103738,
      "insights_generated": [
        "Nuova comprensione di Topologia Algebrica attraverso il framework multi-emisfero",
        "Connessioni inaspettate tra Topologia Algebrica e la teoria del tutto",
        "Implicazioni di Topologia Algebrica per l'AGI avanzato",
        "Nuove direzioni di ricerca in Topologia Algebrica"
      ],
      "connections_made": [
        "Topologia Algebrica si integra con la teoria unificata",
        "Topologia Algebrica utilizza strutture matematiche avanzate"
      ],
      "questions_raised": [
        "Come si integra Topologia Algebrica con la teoria del tutto?",
        "Quali sono le implicazioni di Topologia Algebrica per la coscienza?",
        "Come può Topologia Algebrica essere verificato sperimentalmente?",
        "Quali nuove tecnologie emergono da Topologia Algebrica?",
        "Come si connette Topologia Algebrica con altri domini della fisica?"
      ]
    },
    {
      "topic": "Geometria Differenziale",
      "timestamp": "2025-06-22T03:00:51.950090",
      "lesson_content": {
        "title": "Geometria Differenziale",
        "overview": "Approfondimento su Geometria Differenziale",
        "key_concepts": [],
        "mathematical_framework": "",
        "experimental_evidence": "",
        "theoretical_implications": "",
        "practical_applications": []
      },
      "understanding_level": 0.7348497885400226,
      "confidence_gain": 0.29215554370403796,
      "insights_generated": [
        "Nuova comprensione di Geometria Differenziale attraverso il framework multi-emisfero",
        "Connessioni inaspettate tra Geometria Differenziale e la teoria del tutto",
        "Implicazioni di Geometria Differenziale per l'AGI avanzato",
        "Nuove direzioni di ricerca in Geometria Differenziale"
      ],
      "connections_made": [
        "Geometria Differenziale si integra con la teoria unificata",
        "Geometria Differenziale utilizza strutture matematiche avanzate"
      ],
      "questions_raised": [
        "Come si integra Geometria Differenziale con la teoria del tutto?",
        "Quali sono le implicazioni di Geometria Differenziale per la coscienza?",
        "Come può Geometria Differenziale essere verificato sperimentalmente?",
        "Quali nuove tecnologie emergono da Geometria Differenziale?",
        "Come si connette Geometria Differenziale con altri domini della fisica?"
      ]
    },
    {
      "topic": "Algebra di Lie e Gruppi di Lie",
      "timestamp": "2025-06-22T03:00:51.953778",
      "lesson_content": {
        "title": "Algebra di Lie e Gruppi di Lie",
        "overview": "Approfondimento su Algebra di Lie e Gruppi di Lie",
        "key_concepts": [],
        "mathematical_framework": "",
        "experimental_evidence": "",
        "theoretical_implications": "",
        "practical_applications": []
      },
      "understanding_level": 0.7214264558770843,
      "confidence_gain": 0.16931458791560855,
      "insights_generated": [
        "Nuova comprensione di Algebra di Lie e Gruppi di Lie attraverso il framework multi-emisfero",
        "Connessioni inaspettate tra Algebra di Lie e Gruppi di Lie e la teoria del tutto",
        "Implicazioni di Algebra di Lie e Gruppi di Lie per l'AGI avanzato",
        "Nuove direzioni di ricerca in Algebra di Lie e Gruppi di Lie"
      ],
      "connections_made": [
        "Algebra di Lie e Gruppi di Lie si integra con la teoria unificata",
        "Algebra di Lie e Gruppi di Lie utilizza strutture matematiche avanzate"
      ],
      "questions_raised": [
        "Come si integra Algebra di Lie e Gruppi di Lie con la teoria del tutto?",
        "Quali sono le implicazioni di Algebra di Lie e Gruppi di Lie per la coscienza?",
        "Come può Algebra di Lie e Gruppi di Lie essere verificato sperimentalmente?",
        "Quali nuove tecnologie emergono da Algebra di Lie e Gruppi di Lie?",
        "Come si connette Algebra di Lie e Gruppi di Lie con altri domini della fisica?"
      ]
    }
  ],
  "total_confidence_gain": 1.1409250368387858,
  "new_insights": [
    "Nuova comprensione di Teoria delle Stringhe e M-teoria attraverso il framework multi-emisfero",
    "Connessioni inaspettate tra Teoria delle Stringhe e M-teoria e la teoria del tutto",
    "Implicazioni di Teoria delle Stringhe e M-teoria per l'AGI avanzato",
    "Nuove direzioni di ricerca in Teoria delle Stringhe e M-teoria",
    "Nuova comprensione di Loop Quantum Gravity attraverso il framework multi-emisfero",
    "Connessioni inaspettate tra Loop Quantum Gravity e la teoria del tutto",
    "Implicazioni di Loop Quantum Gravity per l'AGI avanzato",
    "Nuove direzioni di ricerca in Loop Quantum Gravity",
    "Nuova comprensione di Teoria dei Twistor attraverso il framework multi-emisfero",
    "Connessioni inaspettate tra Teoria dei Twistor e la teoria del tutto",
    "Implicazioni di Teoria dei Twistor per l'AGI avanzato",
    "Nuove direzioni di ricerca in Teoria dei Twistor",
    "Nuova comprensione di Topologia Algebrica attraverso il framework multi-emisfero",
    "Connessioni inaspettate tra Topologia Algebrica e la teoria del tutto",
    "Implicazioni di Topologia Algebrica per l'AGI avanzato",
    "Nuove direzioni di ricerca in Topologia Algebrica",
    "Nuova comprensione di Geometria Differenziale attraverso il framework multi-emisfero",
    "Connessioni inaspettate tra Geometria Differenziale e la teoria del tutto",
    "Implicazioni di Geometria Differenziale per l'AGI avanzato",
    "Nuove direzioni di ricerca in Geometria Differenziale",
    "Nuova comprensione di Algebra di Lie e Gruppi di Lie attraverso il framework multi-emisfero",
    "Connessioni inaspettate tra Algebra di Lie e Gruppi di Lie e la teoria del tutto",
    "Implicazioni di Algebra di Lie e Gruppi di Lie per l'AGI avanzato",
    "Nuove direzioni di ricerca in Algebra di Lie e Gruppi di Lie"
  ],
  "connections_discovered": [
    "Teoria delle Stringhe e M-teoria si integra con la teoria unificata",
    "Teoria delle Stringhe e M-teoria utilizza strutture matematiche avanzate",
    "Loop Quantum Gravity si integra con la teoria unificata",
    "Loop Quantum Gravity utilizza strutture matematiche avanzate",
    "Teoria dei Twistor si integra con la teoria unificata",
    "Teoria dei Twistor utilizza strutture matematiche avanzate",
    "Topologia Algebrica si integra con la teoria unificata",
    "Topologia Algebrica utilizza strutture matematiche avanzate",
    "Geometria Differenziale si integra con la teoria unificata",
    "Geometria Differenziale utilizza strutture matematiche avanzate",
    "Algebra di Lie e Gruppi di Lie si integra con la teoria unificata",
    "Algebra di Lie e Gruppi di Lie utilizza strutture matematiche avanzate"
  ],
  "questions_generated": [
    "Come si integra Teoria delle Stringhe e M-teoria con la teoria del tutto?",
    "Quali sono le implicazioni di Teoria delle Stringhe e M-teoria per la coscienza?",
    "Come può Teoria delle Stringhe e M-teoria essere verificato sperimentalmente?",
    "Quali nuove tecnologie emergono da Teoria delle Stringhe e M-teoria?",
    "Come si connette Teoria delle Stringhe e M-teoria con altri domini della fisica?",
    "Come si integra Loop Quantum Gravity con la teoria del tutto?",
    "Quali sono le implicazioni di Loop Quantum Gravity per la coscienza?",
    "Come può Loop Quantum Gravity essere verificato sperimentalmente?",
    "Quali nuove tecnologie emergono da Loop Quantum Gravity?",
    "Come si connette Loop Quantum Gravity con altri domini della fisica?",
    "Come si integra Teoria dei Twistor con la teoria del tutto?",
    "Quali sono le implicazioni di Teoria dei Twistor per la coscienza?",
    "Come può Teoria dei Twistor essere verificato sperimentalmente?",
    "Quali nuove tecnologie emergono da Teoria dei Twistor?",
    "Come si connette Teoria dei Twistor con altri domini della fisica?",
    "Come si integra Topologia Algebrica con la teoria del tutto?",
    "Quali sono le implicazioni di Topologia Algebrica per la coscienza?",
    "Come può Topologia Algebrica essere verificato sperimentalmente?",
    "Quali nuove tecnologie emergono da Topologia Algebrica?",
    "Come si connette Topologia Algebrica con altri domini della fisica?",
    "Come si integra Geometria Differenziale con la teoria del tutto?",
    "Quali sono le implicazioni di Geometria Differenziale per la coscienza?",
    "Come può Geometria Differenziale essere verificato sperimentalmente?",
    "Quali nuove tecnologie emergono da Geometria Differenziale?",
    "Come si connette Geometria Differenziale con altri domini della fisica?",
    "Come si integra Algebra di Lie e Gruppi di Lie con la teoria del tutto?",
    "Quali sono le implicazioni di Algebra di Lie e Gruppi di Lie per la coscienza?",
    "Come può Algebra di Lie e Gruppi di Lie essere verificato sperimentalmente?",
    "Quali nuove tecnologie emergono da Algebra di Lie e Gruppi di Lie?",
    "Come si connette Algebra di Lie e Gruppi di Lie con altri domini della fisica?"
  ]
}